sample	index_i7	i7_seq	index_i5	i5_seq	i7i5_combined	inline_barcode_F_PCR-1	inline_barcode_F_seq	inline_barcode_R_PCR-1	inline_barcode_R_seq	inline_barcode_F_8	inline_barcode_R_8
1	iTru7_101_01	ACGTTACC	iTru5_01_A	ACCGACAA	ACGTTACCACCGACAA	iTru_A_16S_341_F	GGTAC	iTru_1_16S_785_R	AGGAA	GGTACCCT	AGGAAGAC
2	iTru7_101_01	ACGTTACC	iTru5_01_A	ACCGACAA	ACGTTACCACCGACAA	iTru_B_16S_341_F	cAACAC	iTru_1_16S_785_R	AGGAA	CAACACCC	AGGAAGAC
3	iTru7_101_01	ACGTTACC	iTru5_01_A	ACCGACAA	ACGTTACCACCGACAA	iTru_C_16S_341_F	atCGGTT	iTru_1_16S_785_R	AGGAA	ATCGGTTC	AGGAAGAC
4	iTru7_101_01	ACGTTACC	iTru5_01_A	ACCGACAA	ACGTTACCACCGACAA	iTru_D_16S_341_F	tcgGTCAA	iTru_1_16S_785_R	AGGAA	TCGGTCAA	AGGAAGAC
5	iTru7_101_01	ACGTTACC	iTru5_01_A	ACCGACAA	ACGTTACCACCGACAA	iTru_E_16S_341_F	AAGCG	iTru_1_16S_785_R	AGGAA	AAGCGCCT	AGGAAGAC
6	iTru7_101_01	ACGTTACC	iTru5_01_A	ACCGACAA	ACGTTACCACCGACAA	iTru_F_16S_341_F	gCCACA	iTru_1_16S_785_R	AGGAA	GCCACACC	AGGAAGAC
7	iTru7_101_01	ACGTTACC	iTru5_01_A	ACCGACAA	ACGTTACCACCGACAA	iTru_G_16S_341_F	ctGGATG	iTru_1_16S_785_R	AGGAA	CTGGATGC	AGGAAGAC
8	iTru7_101_01	ACGTTACC	iTru5_01_A	ACCGACAA	ACGTTACCACCGACAA	iTru_H_16S_341_F	tgaTTGAC	iTru_1_16S_785_R	AGGAA	TGATTGAC	AGGAAGAC
9	iTru7_101_01	ACGTTACC	iTru5_01_A	ACCGACAA	ACGTTACCACCGACAA	iTru_A_16S_341_F	GGTAC	iTru_2_16S_785_R	gAGTGG	GGTACCCT	GAGTGGGA
10	iTru7_101_01	ACGTTACC	iTru5_01_A	ACCGACAA	ACGTTACCACCGACAA	iTru_B_16S_341_F	cAACAC	iTru_2_16S_785_R	gAGTGG	CAACACCC	GAGTGGGA
11	iTru7_101_01	ACGTTACC	iTru5_01_A	ACCGACAA	ACGTTACCACCGACAA	iTru_C_16S_341_F	atCGGTT	iTru_2_16S_785_R	gAGTGG	ATCGGTTC	GAGTGGGA
12	iTru7_101_01	ACGTTACC	iTru5_01_A	ACCGACAA	ACGTTACCACCGACAA	iTru_D_16S_341_F	tcgGTCAA	iTru_2_16S_785_R	gAGTGG	TCGGTCAA	GAGTGGGA
13	iTru7_101_01	ACGTTACC	iTru5_01_A	ACCGACAA	ACGTTACCACCGACAA	iTru_E_16S_341_F	AAGCG	iTru_2_16S_785_R	gAGTGG	AAGCGCCT	GAGTGGGA
14	iTru7_101_01	ACGTTACC	iTru5_01_A	ACCGACAA	ACGTTACCACCGACAA	iTru_F_16S_341_F	gCCACA	iTru_2_16S_785_R	gAGTGG	GCCACACC	GAGTGGGA
15	iTru7_101_01	ACGTTACC	iTru5_01_A	ACCGACAA	ACGTTACCACCGACAA	iTru_G_16S_341_F	ctGGATG	iTru_2_16S_785_R	gAGTGG	CTGGATGC	GAGTGGGA
16	iTru7_101_01	ACGTTACC	iTru5_01_A	ACCGACAA	ACGTTACCACCGACAA	iTru_H_16S_341_F	tgaTTGAC	iTru_2_16S_785_R	gAGTGG	TGATTGAC	GAGTGGGA
17	iTru7_101_01	ACGTTACC	iTru5_01_A	ACCGACAA	ACGTTACCACCGACAA	iTru_A_16S_341_F	GGTAC	iTru_3_16S_785_R	ccACGTC	GGTACCCT	CCACGTCG
18	iTru7_101_01	ACGTTACC	iTru5_01_A	ACCGACAA	ACGTTACCACCGACAA	iTru_B_16S_341_F	cAACAC	iTru_3_16S_785_R	ccACGTC	CAACACCC	CCACGTCG
19	iTru7_101_01	ACGTTACC	iTru5_01_A	ACCGACAA	ACGTTACCACCGACAA	iTru_C_16S_341_F	atCGGTT	iTru_3_16S_785_R	ccACGTC	ATCGGTTC	CCACGTCG
20	iTru7_101_01	ACGTTACC	iTru5_01_A	ACCGACAA	ACGTTACCACCGACAA	iTru_D_16S_341_F	tcgGTCAA	iTru_3_16S_785_R	ccACGTC	TCGGTCAA	CCACGTCG
21	iTru7_101_01	ACGTTACC	iTru5_01_A	ACCGACAA	ACGTTACCACCGACAA	iTru_E_16S_341_F	AAGCG	iTru_3_16S_785_R	ccACGTC	AAGCGCCT	CCACGTCG
22	iTru7_101_01	ACGTTACC	iTru5_01_A	ACCGACAA	ACGTTACCACCGACAA	iTru_F_16S_341_F	gCCACA	iTru_3_16S_785_R	ccACGTC	GCCACACC	CCACGTCG
23	iTru7_101_01	ACGTTACC	iTru5_01_A	ACCGACAA	ACGTTACCACCGACAA	iTru_G_16S_341_F	ctGGATG	iTru_3_16S_785_R	ccACGTC	CTGGATGC	CCACGTCG
24	iTru7_101_01	ACGTTACC	iTru5_01_A	ACCGACAA	ACGTTACCACCGACAA	iTru_H_16S_341_F	tgaTTGAC	iTru_3_16S_785_R	ccACGTC	TGATTGAC	CCACGTCG
25	iTru7_101_01	ACGTTACC	iTru5_01_A	ACCGACAA	ACGTTACCACCGACAA	iTru_A_16S_341_F	GGTAC	iTru_4_16S_785_R	ttcTCAGC	GGTACCCT	TTCTCAGC
26	iTru7_101_01	ACGTTACC	iTru5_01_A	ACCGACAA	ACGTTACCACCGACAA	iTru_B_16S_341_F	cAACAC	iTru_4_16S_785_R	ttcTCAGC	CAACACCC	TTCTCAGC
27	iTru7_101_01	ACGTTACC	iTru5_01_A	ACCGACAA	ACGTTACCACCGACAA	iTru_C_16S_341_F	atCGGTT	iTru_4_16S_785_R	ttcTCAGC	ATCGGTTC	TTCTCAGC
28	iTru7_101_01	ACGTTACC	iTru5_01_A	ACCGACAA	ACGTTACCACCGACAA	iTru_D_16S_341_F	tcgGTCAA	iTru_4_16S_785_R	ttcTCAGC	TCGGTCAA	TTCTCAGC
29	iTru7_101_01	ACGTTACC	iTru5_01_A	ACCGACAA	ACGTTACCACCGACAA	iTru_E_16S_341_F	AAGCG	iTru_4_16S_785_R	ttcTCAGC	AAGCGCCT	TTCTCAGC
30	iTru7_101_01	ACGTTACC	iTru5_01_A	ACCGACAA	ACGTTACCACCGACAA	iTru_F_16S_341_F	gCCACA	iTru_4_16S_785_R	ttcTCAGC	GCCACACC	TTCTCAGC
31	iTru7_101_01	ACGTTACC	iTru5_01_A	ACCGACAA	ACGTTACCACCGACAA	iTru_G_16S_341_F	ctGGATG	iTru_4_16S_785_R	ttcTCAGC	CTGGATGC	TTCTCAGC
32	iTru7_101_01	ACGTTACC	iTru5_01_A	ACCGACAA	ACGTTACCACCGACAA	iTru_H_16S_341_F	tgaTTGAC	iTru_4_16S_785_R	ttcTCAGC	TGATTGAC	TTCTCAGC
33	iTru7_101_01	ACGTTACC	iTru5_01_A	ACCGACAA	ACGTTACCACCGACAA	iTru_A_16S_341_F	GGTAC	iTru_5_16S_785_R	CTAGG	GGTACCCT	CTAGGGAC
34	iTru7_101_01	ACGTTACC	iTru5_01_A	ACCGACAA	ACGTTACCACCGACAA	iTru_B_16S_341_F	cAACAC	iTru_5_16S_785_R	CTAGG	CAACACCC	CTAGGGAC
35	iTru7_101_01	ACGTTACC	iTru5_01_A	ACCGACAA	ACGTTACCACCGACAA	iTru_C_16S_341_F	atCGGTT	iTru_5_16S_785_R	CTAGG	ATCGGTTC	CTAGGGAC
36	iTru7_101_01	ACGTTACC	iTru5_01_A	ACCGACAA	ACGTTACCACCGACAA	iTru_D_16S_341_F	tcgGTCAA	iTru_5_16S_785_R	CTAGG	TCGGTCAA	CTAGGGAC
37	iTru7_101_01	ACGTTACC	iTru5_01_A	ACCGACAA	ACGTTACCACCGACAA	iTru_E_16S_341_F	AAGCG	iTru_5_16S_785_R	CTAGG	AAGCGCCT	CTAGGGAC
38	iTru7_101_01	ACGTTACC	iTru5_01_A	ACCGACAA	ACGTTACCACCGACAA	iTru_F_16S_341_F	gCCACA	iTru_5_16S_785_R	CTAGG	GCCACACC	CTAGGGAC
39	iTru7_101_01	ACGTTACC	iTru5_01_A	ACCGACAA	ACGTTACCACCGACAA	iTru_G_16S_341_F	ctGGATG	iTru_5_16S_785_R	CTAGG	CTGGATGC	CTAGGGAC
40	iTru7_101_01	ACGTTACC	iTru5_01_A	ACCGACAA	ACGTTACCACCGACAA	iTru_H_16S_341_F	tgaTTGAC	iTru_5_16S_785_R	CTAGG	TGATTGAC	CTAGGGAC
41	iTru7_101_01	ACGTTACC	iTru5_01_A	ACCGACAA	ACGTTACCACCGACAA	iTru_A_16S_341_F	GGTAC	iTru_6_16S_785_R	tGCTTA	GGTACCCT	TGCTTAGA
42	iTru7_101_01	ACGTTACC	iTru5_01_A	ACCGACAA	ACGTTACCACCGACAA	iTru_B_16S_341_F	cAACAC	iTru_6_16S_785_R	tGCTTA	CAACACCC	TGCTTAGA
43	iTru7_101_01	ACGTTACC	iTru5_01_A	ACCGACAA	ACGTTACCACCGACAA	iTru_C_16S_341_F	atCGGTT	iTru_6_16S_785_R	tGCTTA	ATCGGTTC	TGCTTAGA
44	iTru7_101_01	ACGTTACC	iTru5_01_A	ACCGACAA	ACGTTACCACCGACAA	iTru_D_16S_341_F	tcgGTCAA	iTru_6_16S_785_R	tGCTTA	TCGGTCAA	TGCTTAGA
45	iTru7_101_01	ACGTTACC	iTru5_01_A	ACCGACAA	ACGTTACCACCGACAA	iTru_E_16S_341_F	AAGCG	iTru_6_16S_785_R	tGCTTA	AAGCGCCT	TGCTTAGA
46	iTru7_101_01	ACGTTACC	iTru5_01_A	ACCGACAA	ACGTTACCACCGACAA	iTru_F_16S_341_F	gCCACA	iTru_6_16S_785_R	tGCTTA	GCCACACC	TGCTTAGA
47	iTru7_101_01	ACGTTACC	iTru5_01_A	ACCGACAA	ACGTTACCACCGACAA	iTru_G_16S_341_F	ctGGATG	iTru_6_16S_785_R	tGCTTA	CTGGATGC	TGCTTAGA
48	iTru7_101_01	ACGTTACC	iTru5_01_A	ACCGACAA	ACGTTACCACCGACAA	iTru_H_16S_341_F	tgaTTGAC	iTru_6_16S_785_R	tGCTTA	TGATTGAC	TGCTTAGA
49	iTru7_101_04	GATCCATG	iTru5_01_B	AGTGGCAA	GATCCATGAGTGGCAA	iTru_A_16S_341_F	GGTAC	iTru_7_16S_785_R	gcGAAGT	GGTACCCT	GCGAAGTG
50	iTru7_101_04	GATCCATG	iTru5_01_B	AGTGGCAA	GATCCATGAGTGGCAA	iTru_B_16S_341_F	cAACAC	iTru_7_16S_785_R	gcGAAGT	CAACACCC	GCGAAGTG
51	iTru7_101_04	GATCCATG	iTru5_01_B	AGTGGCAA	GATCCATGAGTGGCAA	iTru_C_16S_341_F	atCGGTT	iTru_7_16S_785_R	gcGAAGT	ATCGGTTC	GCGAAGTG
52	iTru7_101_04	GATCCATG	iTru5_01_B	AGTGGCAA	GATCCATGAGTGGCAA	iTru_D_16S_341_F	tcgGTCAA	iTru_7_16S_785_R	gcGAAGT	TCGGTCAA	GCGAAGTG
53	iTru7_101_04	GATCCATG	iTru5_01_B	AGTGGCAA	GATCCATGAGTGGCAA	iTru_E_16S_341_F	AAGCG	iTru_7_16S_785_R	gcGAAGT	AAGCGCCT	GCGAAGTG
54	iTru7_101_04	GATCCATG	iTru5_01_B	AGTGGCAA	GATCCATGAGTGGCAA	iTru_F_16S_341_F	gCCACA	iTru_7_16S_785_R	gcGAAGT	GCCACACC	GCGAAGTG
55	iTru7_101_04	GATCCATG	iTru5_01_B	AGTGGCAA	GATCCATGAGTGGCAA	iTru_G_16S_341_F	ctGGATG	iTru_7_16S_785_R	gcGAAGT	CTGGATGC	GCGAAGTG
56	iTru7_101_04	GATCCATG	iTru5_01_B	AGTGGCAA	GATCCATGAGTGGCAA	iTru_H_16S_341_F	tgaTTGAC	iTru_7_16S_785_R	gcGAAGT	TGATTGAC	GCGAAGTG
57	iTru7_101_04	GATCCATG	iTru5_01_B	AGTGGCAA	GATCCATGAGTGGCAA	iTru_A_16S_341_F	GGTAC	iTru_8_16S_785_R	aatCCTAT	GGTACCCT	AATCCTAT
58	iTru7_101_04	GATCCATG	iTru5_01_B	AGTGGCAA	GATCCATGAGTGGCAA	iTru_B_16S_341_F	cAACAC	iTru_8_16S_785_R	aatCCTAT	CAACACCC	AATCCTAT
59	iTru7_101_04	GATCCATG	iTru5_01_B	AGTGGCAA	GATCCATGAGTGGCAA	iTru_C_16S_341_F	atCGGTT	iTru_8_16S_785_R	aatCCTAT	ATCGGTTC	AATCCTAT
60	iTru7_101_04	GATCCATG	iTru5_01_B	AGTGGCAA	GATCCATGAGTGGCAA	iTru_D_16S_341_F	tcgGTCAA	iTru_8_16S_785_R	aatCCTAT	TCGGTCAA	AATCCTAT
61	iTru7_101_04	GATCCATG	iTru5_01_B	AGTGGCAA	GATCCATGAGTGGCAA	iTru_E_16S_341_F	AAGCG	iTru_8_16S_785_R	aatCCTAT	AAGCGCCT	AATCCTAT
62	iTru7_101_04	GATCCATG	iTru5_01_B	AGTGGCAA	GATCCATGAGTGGCAA	iTru_F_16S_341_F	gCCACA	iTru_8_16S_785_R	aatCCTAT	GCCACACC	AATCCTAT
63	iTru7_101_04	GATCCATG	iTru5_01_B	AGTGGCAA	GATCCATGAGTGGCAA	iTru_G_16S_341_F	ctGGATG	iTru_8_16S_785_R	aatCCTAT	CTGGATGC	AATCCTAT
64	iTru7_101_04	GATCCATG	iTru5_01_B	AGTGGCAA	GATCCATGAGTGGCAA	iTru_H_16S_341_F	tgaTTGAC	iTru_8_16S_785_R	aatCCTAT	TGATTGAC	AATCCTAT
65	iTru7_101_04	GATCCATG	iTru5_01_B	AGTGGCAA	GATCCATGAGTGGCAA	iTru_A_16S_341_F	GGTAC	iTru_9_16S_785_R	ATCTG	GGTACCCT	ATCTGGAC
66	iTru7_101_04	GATCCATG	iTru5_01_B	AGTGGCAA	GATCCATGAGTGGCAA	iTru_B_16S_341_F	cAACAC	iTru_9_16S_785_R	ATCTG	CAACACCC	ATCTGGAC
67	iTru7_101_04	GATCCATG	iTru5_01_B	AGTGGCAA	GATCCATGAGTGGCAA	iTru_C_16S_341_F	atCGGTT	iTru_9_16S_785_R	ATCTG	ATCGGTTC	ATCTGGAC
68	iTru7_101_04	GATCCATG	iTru5_01_B	AGTGGCAA	GATCCATGAGTGGCAA	iTru_D_16S_341_F	tcgGTCAA	iTru_9_16S_785_R	ATCTG	TCGGTCAA	ATCTGGAC
69	iTru7_101_04	GATCCATG	iTru5_01_B	AGTGGCAA	GATCCATGAGTGGCAA	iTru_E_16S_341_F	AAGCG	iTru_9_16S_785_R	ATCTG	AAGCGCCT	ATCTGGAC
70	iTru7_101_04	GATCCATG	iTru5_01_B	AGTGGCAA	GATCCATGAGTGGCAA	iTru_F_16S_341_F	gCCACA	iTru_9_16S_785_R	ATCTG	GCCACACC	ATCTGGAC
71	iTru7_101_04	GATCCATG	iTru5_01_B	AGTGGCAA	GATCCATGAGTGGCAA	iTru_G_16S_341_F	ctGGATG	iTru_9_16S_785_R	ATCTG	CTGGATGC	ATCTGGAC
72	iTru7_101_04	GATCCATG	iTru5_01_B	AGTGGCAA	GATCCATGAGTGGCAA	iTru_H_16S_341_F	tgaTTGAC	iTru_9_16S_785_R	ATCTG	TGATTGAC	ATCTGGAC
73	iTru7_101_04	GATCCATG	iTru5_01_B	AGTGGCAA	GATCCATGAGTGGCAA	iTru_A_16S_341_F	GGTAC	iTru_10_16S_785_R	gAGACT	GGTACCCT	GAGACTGA
74	iTru7_101_04	GATCCATG	iTru5_01_B	AGTGGCAA	GATCCATGAGTGGCAA	iTru_B_16S_341_F	cAACAC	iTru_10_16S_785_R	gAGACT	CAACACCC	GAGACTGA
75	iTru7_101_04	GATCCATG	iTru5_01_B	AGTGGCAA	GATCCATGAGTGGCAA	iTru_C_16S_341_F	atCGGTT	iTru_10_16S_785_R	gAGACT	ATCGGTTC	GAGACTGA
76	iTru7_101_04	GATCCATG	iTru5_01_B	AGTGGCAA	GATCCATGAGTGGCAA	iTru_D_16S_341_F	tcgGTCAA	iTru_10_16S_785_R	gAGACT	TCGGTCAA	GAGACTGA
77	iTru7_101_04	GATCCATG	iTru5_01_B	AGTGGCAA	GATCCATGAGTGGCAA	iTru_E_16S_341_F	AAGCG	iTru_10_16S_785_R	gAGACT	AAGCGCCT	GAGACTGA
78	iTru7_101_04	GATCCATG	iTru5_01_B	AGTGGCAA	GATCCATGAGTGGCAA	iTru_F_16S_341_F	gCCACA	iTru_10_16S_785_R	gAGACT	GCCACACC	GAGACTGA
79	iTru7_101_04	GATCCATG	iTru5_01_B	AGTGGCAA	GATCCATGAGTGGCAA	iTru_G_16S_341_F	ctGGATG	iTru_10_16S_785_R	gAGACT	CTGGATGC	GAGACTGA
80	iTru7_101_04	GATCCATG	iTru5_01_B	AGTGGCAA	GATCCATGAGTGGCAA	iTru_H_16S_341_F	tgaTTGAC	iTru_10_16S_785_R	gAGACT	TGATTGAC	GAGACTGA
81	iTru7_101_04	GATCCATG	iTru5_01_B	AGTGGCAA	GATCCATGAGTGGCAA	iTru_A_16S_341_F	GGTAC	iTru_11_16S_785_R	cgATTCC	GGTACCCT	CGATTCCG
82	iTru7_101_04	GATCCATG	iTru5_01_B	AGTGGCAA	GATCCATGAGTGGCAA	iTru_B_16S_341_F	cAACAC	iTru_11_16S_785_R	cgATTCC	CAACACCC	CGATTCCG
83	iTru7_101_04	GATCCATG	iTru5_01_B	AGTGGCAA	GATCCATGAGTGGCAA	iTru_C_16S_341_F	atCGGTT	iTru_11_16S_785_R	cgATTCC	ATCGGTTC	CGATTCCG
84	iTru7_101_04	GATCCATG	iTru5_01_B	AGTGGCAA	GATCCATGAGTGGCAA	iTru_D_16S_341_F	tcgGTCAA	iTru_11_16S_785_R	cgATTCC	TCGGTCAA	CGATTCCG
85	iTru7_101_04	GATCCATG	iTru5_01_B	AGTGGCAA	GATCCATGAGTGGCAA	iTru_E_16S_341_F	AAGCG	iTru_11_16S_785_R	cgATTCC	AAGCGCCT	CGATTCCG
86	iTru7_101_04	GATCCATG	iTru5_01_B	AGTGGCAA	GATCCATGAGTGGCAA	iTru_F_16S_341_F	gCCACA	iTru_11_16S_785_R	cgATTCC	GCCACACC	CGATTCCG
87	iTru7_101_04	GATCCATG	iTru5_01_B	AGTGGCAA	GATCCATGAGTGGCAA	iTru_G_16S_341_F	ctGGATG	iTru_11_16S_785_R	cgATTCC	CTGGATGC	CGATTCCG
88	iTru7_101_04	GATCCATG	iTru5_01_B	AGTGGCAA	GATCCATGAGTGGCAA	iTru_H_16S_341_F	tgaTTGAC	iTru_11_16S_785_R	cgATTCC	TGATTGAC	CGATTCCG
89	iTru7_101_04	GATCCATG	iTru5_01_B	AGTGGCAA	GATCCATGAGTGGCAA	iTru_A_16S_341_F	GGTAC	iTru_12_16S_785_R	tctCAATC	GGTACCCT	TCTCAATC
90	iTru7_101_04	GATCCATG	iTru5_01_B	AGTGGCAA	GATCCATGAGTGGCAA	iTru_B_16S_341_F	cAACAC	iTru_12_16S_785_R	tctCAATC	CAACACCC	TCTCAATC
91	iTru7_101_04	GATCCATG	iTru5_01_B	AGTGGCAA	GATCCATGAGTGGCAA	iTru_C_16S_341_F	atCGGTT	iTru_12_16S_785_R	tctCAATC	ATCGGTTC	TCTCAATC
92	iTru7_101_04	GATCCATG	iTru5_01_B	AGTGGCAA	GATCCATGAGTGGCAA	iTru_D_16S_341_F	tcgGTCAA	iTru_12_16S_785_R	tctCAATC	TCGGTCAA	TCTCAATC
93	iTru7_101_04	GATCCATG	iTru5_01_B	AGTGGCAA	GATCCATGAGTGGCAA	iTru_E_16S_341_F	AAGCG	iTru_12_16S_785_R	tctCAATC	AAGCGCCT	TCTCAATC
94	iTru7_101_04	GATCCATG	iTru5_01_B	AGTGGCAA	GATCCATGAGTGGCAA	iTru_F_16S_341_F	gCCACA	iTru_12_16S_785_R	tctCAATC	GCCACACC	TCTCAATC
95	iTru7_101_04	GATCCATG	iTru5_01_B	AGTGGCAA	GATCCATGAGTGGCAA	iTru_G_16S_341_F	ctGGATG	iTru_12_16S_785_R	tctCAATC	CTGGATGC	TCTCAATC
96	iTru7_101_04	GATCCATG	iTru5_01_B	AGTGGCAA	GATCCATGAGTGGCAA	iTru_H_16S_341_F	tgaTTGAC	iTru_12_16S_785_R	tctCAATC	TGATTGAC	TCTCAATC
97	iTru7_101_5	GCCTATCA	iTru5_01_C	CACAGACT	GCCTATCACACAGACT	iTru_A_16S_341_F	GGTAC	iTru_1_16S_785_R	AGGAA	GGTACCCT	AGGAAGAC
98	iTru7_101_5	GCCTATCA	iTru5_01_C	CACAGACT	GCCTATCACACAGACT	iTru_B_16S_341_F	cAACAC	iTru_1_16S_785_R	AGGAA	CAACACCC	AGGAAGAC
99	iTru7_101_5	GCCTATCA	iTru5_01_C	CACAGACT	GCCTATCACACAGACT	iTru_C_16S_341_F	atCGGTT	iTru_1_16S_785_R	AGGAA	ATCGGTTC	AGGAAGAC
100	iTru7_101_5	GCCTATCA	iTru5_01_C	CACAGACT	GCCTATCACACAGACT	iTru_D_16S_341_F	tcgGTCAA	iTru_1_16S_785_R	AGGAA	TCGGTCAA	AGGAAGAC
101	iTru7_101_5	GCCTATCA	iTru5_01_C	CACAGACT	GCCTATCACACAGACT	iTru_E_16S_341_F	AAGCG	iTru_1_16S_785_R	AGGAA	AAGCGCCT	AGGAAGAC
102	iTru7_101_5	GCCTATCA	iTru5_01_C	CACAGACT	GCCTATCACACAGACT	iTru_F_16S_341_F	gCCACA	iTru_1_16S_785_R	AGGAA	GCCACACC	AGGAAGAC
103	iTru7_101_5	GCCTATCA	iTru5_01_C	CACAGACT	GCCTATCACACAGACT	iTru_G_16S_341_F	ctGGATG	iTru_1_16S_785_R	AGGAA	CTGGATGC	AGGAAGAC
104	iTru7_101_5	GCCTATCA	iTru5_01_C	CACAGACT	GCCTATCACACAGACT	iTru_H_16S_341_F	tgaTTGAC	iTru_1_16S_785_R	AGGAA	TGATTGAC	AGGAAGAC
105	iTru7_101_5	GCCTATCA	iTru5_01_C	CACAGACT	GCCTATCACACAGACT	iTru_A_16S_341_F	GGTAC	iTru_2_16S_785_R	gAGTGG	GGTACCCT	GAGTGGGA
106	iTru7_101_5	GCCTATCA	iTru5_01_C	CACAGACT	GCCTATCACACAGACT	iTru_B_16S_341_F	cAACAC	iTru_2_16S_785_R	gAGTGG	CAACACCC	GAGTGGGA
107	iTru7_101_5	GCCTATCA	iTru5_01_C	CACAGACT	GCCTATCACACAGACT	iTru_C_16S_341_F	atCGGTT	iTru_2_16S_785_R	gAGTGG	ATCGGTTC	GAGTGGGA
108	iTru7_101_5	GCCTATCA	iTru5_01_C	CACAGACT	GCCTATCACACAGACT	iTru_D_16S_341_F	tcgGTCAA	iTru_2_16S_785_R	gAGTGG	TCGGTCAA	GAGTGGGA
109	iTru7_101_5	GCCTATCA	iTru5_01_C	CACAGACT	GCCTATCACACAGACT	iTru_E_16S_341_F	AAGCG	iTru_2_16S_785_R	gAGTGG	AAGCGCCT	GAGTGGGA
110	iTru7_101_5	GCCTATCA	iTru5_01_C	CACAGACT	GCCTATCACACAGACT	iTru_F_16S_341_F	gCCACA	iTru_2_16S_785_R	gAGTGG	GCCACACC	GAGTGGGA
111	iTru7_101_5	GCCTATCA	iTru5_01_C	CACAGACT	GCCTATCACACAGACT	iTru_G_16S_341_F	ctGGATG	iTru_2_16S_785_R	gAGTGG	CTGGATGC	GAGTGGGA
112	iTru7_101_5	GCCTATCA	iTru5_01_C	CACAGACT	GCCTATCACACAGACT	iTru_H_16S_341_F	tgaTTGAC	iTru_2_16S_785_R	gAGTGG	TGATTGAC	GAGTGGGA
113	iTru7_101_5	GCCTATCA	iTru5_01_C	CACAGACT	GCCTATCACACAGACT	iTru_A_16S_341_F	GGTAC	iTru_3_16S_785_R	ccACGTC	GGTACCCT	CCACGTCG
114	iTru7_101_5	GCCTATCA	iTru5_01_C	CACAGACT	GCCTATCACACAGACT	iTru_B_16S_341_F	cAACAC	iTru_3_16S_785_R	ccACGTC	CAACACCC	CCACGTCG
115	iTru7_101_5	GCCTATCA	iTru5_01_C	CACAGACT	GCCTATCACACAGACT	iTru_C_16S_341_F	atCGGTT	iTru_3_16S_785_R	ccACGTC	ATCGGTTC	CCACGTCG
116	iTru7_101_5	GCCTATCA	iTru5_01_C	CACAGACT	GCCTATCACACAGACT	iTru_D_16S_341_F	tcgGTCAA	iTru_3_16S_785_R	ccACGTC	TCGGTCAA	CCACGTCG
117	iTru7_101_5	GCCTATCA	iTru5_01_C	CACAGACT	GCCTATCACACAGACT	iTru_E_16S_341_F	AAGCG	iTru_3_16S_785_R	ccACGTC	AAGCGCCT	CCACGTCG
118	iTru7_101_5	GCCTATCA	iTru5_01_C	CACAGACT	GCCTATCACACAGACT	iTru_F_16S_341_F	gCCACA	iTru_3_16S_785_R	ccACGTC	GCCACACC	CCACGTCG
119	iTru7_101_5	GCCTATCA	iTru5_01_C	CACAGACT	GCCTATCACACAGACT	iTru_G_16S_341_F	ctGGATG	iTru_3_16S_785_R	ccACGTC	CTGGATGC	CCACGTCG
120	iTru7_101_5	GCCTATCA	iTru5_01_C	CACAGACT	GCCTATCACACAGACT	iTru_H_16S_341_F	tgaTTGAC	iTru_3_16S_785_R	ccACGTC	TGATTGAC	CCACGTCG
121	iTru7_101_5	GCCTATCA	iTru5_01_C	CACAGACT	GCCTATCACACAGACT	iTru_A_16S_341_F	GGTAC	iTru_4_16S_785_R	ttcTCAGC	GGTACCCT	TTCTCAGC
122	iTru7_101_5	GCCTATCA	iTru5_01_C	CACAGACT	GCCTATCACACAGACT	iTru_B_16S_341_F	cAACAC	iTru_4_16S_785_R	ttcTCAGC	CAACACCC	TTCTCAGC
123	iTru7_101_5	GCCTATCA	iTru5_01_C	CACAGACT	GCCTATCACACAGACT	iTru_C_16S_341_F	atCGGTT	iTru_4_16S_785_R	ttcTCAGC	ATCGGTTC	TTCTCAGC
124	iTru7_101_5	GCCTATCA	iTru5_01_C	CACAGACT	GCCTATCACACAGACT	iTru_D_16S_341_F	tcgGTCAA	iTru_4_16S_785_R	ttcTCAGC	TCGGTCAA	TTCTCAGC
125	iTru7_101_5	GCCTATCA	iTru5_01_C	CACAGACT	GCCTATCACACAGACT	iTru_E_16S_341_F	AAGCG	iTru_4_16S_785_R	ttcTCAGC	AAGCGCCT	TTCTCAGC
126	iTru7_101_5	GCCTATCA	iTru5_01_C	CACAGACT	GCCTATCACACAGACT	iTru_F_16S_341_F	gCCACA	iTru_4_16S_785_R	ttcTCAGC	GCCACACC	TTCTCAGC
127	iTru7_101_5	GCCTATCA	iTru5_01_C	CACAGACT	GCCTATCACACAGACT	iTru_G_16S_341_F	ctGGATG	iTru_4_16S_785_R	ttcTCAGC	CTGGATGC	TTCTCAGC
128	iTru7_101_5	GCCTATCA	iTru5_01_C	CACAGACT	GCCTATCACACAGACT	iTru_H_16S_341_F	tgaTTGAC	iTru_4_16S_785_R	ttcTCAGC	TGATTGAC	TTCTCAGC
129	iTru7_101_5	GCCTATCA	iTru5_01_C	CACAGACT	GCCTATCACACAGACT	iTru_A_16S_341_F	GGTAC	iTru_5_16S_785_R	CTAGG	GGTACCCT	CTAGGGAC
130	iTru7_101_5	GCCTATCA	iTru5_01_C	CACAGACT	GCCTATCACACAGACT	iTru_B_16S_341_F	cAACAC	iTru_5_16S_785_R	CTAGG	CAACACCC	CTAGGGAC
131	iTru7_101_5	GCCTATCA	iTru5_01_C	CACAGACT	GCCTATCACACAGACT	iTru_C_16S_341_F	atCGGTT	iTru_5_16S_785_R	CTAGG	ATCGGTTC	CTAGGGAC
132	iTru7_101_5	GCCTATCA	iTru5_01_C	CACAGACT	GCCTATCACACAGACT	iTru_D_16S_341_F	tcgGTCAA	iTru_5_16S_785_R	CTAGG	TCGGTCAA	CTAGGGAC
133	iTru7_101_5	GCCTATCA	iTru5_01_C	CACAGACT	GCCTATCACACAGACT	iTru_E_16S_341_F	AAGCG	iTru_5_16S_785_R	CTAGG	AAGCGCCT	CTAGGGAC
134	iTru7_101_5	GCCTATCA	iTru5_01_C	CACAGACT	GCCTATCACACAGACT	iTru_F_16S_341_F	gCCACA	iTru_5_16S_785_R	CTAGG	GCCACACC	CTAGGGAC
135	iTru7_101_5	GCCTATCA	iTru5_01_C	CACAGACT	GCCTATCACACAGACT	iTru_G_16S_341_F	ctGGATG	iTru_5_16S_785_R	CTAGG	CTGGATGC	CTAGGGAC
136	iTru7_101_5	GCCTATCA	iTru5_01_C	CACAGACT	GCCTATCACACAGACT	iTru_H_16S_341_F	tgaTTGAC	iTru_5_16S_785_R	CTAGG	TGATTGAC	CTAGGGAC
137	iTru7_101_5	GCCTATCA	iTru5_01_C	CACAGACT	GCCTATCACACAGACT	iTru_A_16S_341_F	GGTAC	iTru_6_16S_785_R	tGCTTA	GGTACCCT	TGCTTAGA
138	iTru7_101_5	GCCTATCA	iTru5_01_C	CACAGACT	GCCTATCACACAGACT	iTru_B_16S_341_F	cAACAC	iTru_6_16S_785_R	tGCTTA	CAACACCC	TGCTTAGA
139	iTru7_101_5	GCCTATCA	iTru5_01_C	CACAGACT	GCCTATCACACAGACT	iTru_C_16S_341_F	atCGGTT	iTru_6_16S_785_R	tGCTTA	ATCGGTTC	TGCTTAGA
140	iTru7_101_5	GCCTATCA	iTru5_01_C	CACAGACT	GCCTATCACACAGACT	iTru_D_16S_341_F	tcgGTCAA	iTru_6_16S_785_R	tGCTTA	TCGGTCAA	TGCTTAGA
141	iTru7_101_5	GCCTATCA	iTru5_01_C	CACAGACT	GCCTATCACACAGACT	iTru_E_16S_341_F	AAGCG	iTru_6_16S_785_R	tGCTTA	AAGCGCCT	TGCTTAGA
142	iTru7_101_5	GCCTATCA	iTru5_01_C	CACAGACT	GCCTATCACACAGACT	iTru_F_16S_341_F	gCCACA	iTru_6_16S_785_R	tGCTTA	GCCACACC	TGCTTAGA
143	iTru7_101_5	GCCTATCA	iTru5_01_C	CACAGACT	GCCTATCACACAGACT	iTru_G_16S_341_F	ctGGATG	iTru_6_16S_785_R	tGCTTA	CTGGATGC	TGCTTAGA
144	iTru7_101_5	GCCTATCA	iTru5_01_C	CACAGACT	GCCTATCACACAGACT	iTru_H_16S_341_F	tgaTTGAC	iTru_6_16S_785_R	tGCTTA	TGATTGAC	TGCTTAGA
145	iTru7_101_6	AACAACCG	iTru5_01_D	CGACACTT	AACAACCGCGACACTT	iTru_A_16S_341_F	GGTAC	iTru_7_16S_785_R	gcGAAGT	GGTACCCT	GCGAAGTG
146	iTru7_101_6	AACAACCG	iTru5_01_D	CGACACTT	AACAACCGCGACACTT	iTru_B_16S_341_F	cAACAC	iTru_7_16S_785_R	gcGAAGT	CAACACCC	GCGAAGTG
147	iTru7_101_6	AACAACCG	iTru5_01_D	CGACACTT	AACAACCGCGACACTT	iTru_C_16S_341_F	atCGGTT	iTru_7_16S_785_R	gcGAAGT	ATCGGTTC	GCGAAGTG
148	iTru7_101_6	AACAACCG	iTru5_01_D	CGACACTT	AACAACCGCGACACTT	iTru_D_16S_341_F	tcgGTCAA	iTru_7_16S_785_R	gcGAAGT	TCGGTCAA	GCGAAGTG
149	iTru7_101_6	AACAACCG	iTru5_01_D	CGACACTT	AACAACCGCGACACTT	iTru_E_16S_341_F	AAGCG	iTru_7_16S_785_R	gcGAAGT	AAGCGCCT	GCGAAGTG
150	iTru7_101_6	AACAACCG	iTru5_01_D	CGACACTT	AACAACCGCGACACTT	iTru_F_16S_341_F	gCCACA	iTru_7_16S_785_R	gcGAAGT	GCCACACC	GCGAAGTG
151	iTru7_101_6	AACAACCG	iTru5_01_D	CGACACTT	AACAACCGCGACACTT	iTru_G_16S_341_F	ctGGATG	iTru_7_16S_785_R	gcGAAGT	CTGGATGC	GCGAAGTG
152	iTru7_101_6	AACAACCG	iTru5_01_D	CGACACTT	AACAACCGCGACACTT	iTru_H_16S_341_F	tgaTTGAC	iTru_7_16S_785_R	gcGAAGT	TGATTGAC	GCGAAGTG
153	iTru7_101_6	AACAACCG	iTru5_01_D	CGACACTT	AACAACCGCGACACTT	iTru_A_16S_341_F	GGTAC	iTru_8_16S_785_R	aatCCTAT	GGTACCCT	AATCCTAT
154	iTru7_101_6	AACAACCG	iTru5_01_D	CGACACTT	AACAACCGCGACACTT	iTru_B_16S_341_F	cAACAC	iTru_8_16S_785_R	aatCCTAT	CAACACCC	AATCCTAT
155	iTru7_101_6	AACAACCG	iTru5_01_D	CGACACTT	AACAACCGCGACACTT	iTru_C_16S_341_F	atCGGTT	iTru_8_16S_785_R	aatCCTAT	ATCGGTTC	AATCCTAT
156	iTru7_101_6	AACAACCG	iTru5_01_D	CGACACTT	AACAACCGCGACACTT	iTru_D_16S_341_F	tcgGTCAA	iTru_8_16S_785_R	aatCCTAT	TCGGTCAA	AATCCTAT
157	iTru7_101_6	AACAACCG	iTru5_01_D	CGACACTT	AACAACCGCGACACTT	iTru_E_16S_341_F	AAGCG	iTru_8_16S_785_R	aatCCTAT	AAGCGCCT	AATCCTAT
158	iTru7_101_6	AACAACCG	iTru5_01_D	CGACACTT	AACAACCGCGACACTT	iTru_F_16S_341_F	gCCACA	iTru_8_16S_785_R	aatCCTAT	GCCACACC	AATCCTAT
159	iTru7_101_6	AACAACCG	iTru5_01_D	CGACACTT	AACAACCGCGACACTT	iTru_G_16S_341_F	ctGGATG	iTru_8_16S_785_R	aatCCTAT	CTGGATGC	AATCCTAT
160	iTru7_101_6	AACAACCG	iTru5_01_D	CGACACTT	AACAACCGCGACACTT	iTru_H_16S_341_F	tgaTTGAC	iTru_8_16S_785_R	aatCCTAT	TGATTGAC	AATCCTAT
161	iTru7_101_6	AACAACCG	iTru5_01_D	CGACACTT	AACAACCGCGACACTT	iTru_A_16S_341_F	GGTAC	iTru_9_16S_785_R	ATCTG	GGTACCCT	ATCTGGAC
162	iTru7_101_6	AACAACCG	iTru5_01_D	CGACACTT	AACAACCGCGACACTT	iTru_B_16S_341_F	cAACAC	iTru_9_16S_785_R	ATCTG	CAACACCC	ATCTGGAC
163	iTru7_101_6	AACAACCG	iTru5_01_D	CGACACTT	AACAACCGCGACACTT	iTru_C_16S_341_F	atCGGTT	iTru_9_16S_785_R	ATCTG	ATCGGTTC	ATCTGGAC
164	iTru7_101_6	AACAACCG	iTru5_01_D	CGACACTT	AACAACCGCGACACTT	iTru_D_16S_341_F	tcgGTCAA	iTru_9_16S_785_R	ATCTG	TCGGTCAA	ATCTGGAC
165	iTru7_101_6	AACAACCG	iTru5_01_D	CGACACTT	AACAACCGCGACACTT	iTru_E_16S_341_F	AAGCG	iTru_9_16S_785_R	ATCTG	AAGCGCCT	ATCTGGAC
166	iTru7_101_6	AACAACCG	iTru5_01_D	CGACACTT	AACAACCGCGACACTT	iTru_F_16S_341_F	gCCACA	iTru_9_16S_785_R	ATCTG	GCCACACC	ATCTGGAC
167	iTru7_101_6	AACAACCG	iTru5_01_D	CGACACTT	AACAACCGCGACACTT	iTru_G_16S_341_F	ctGGATG	iTru_9_16S_785_R	ATCTG	CTGGATGC	ATCTGGAC
168	iTru7_101_6	AACAACCG	iTru5_01_D	CGACACTT	AACAACCGCGACACTT	iTru_H_16S_341_F	tgaTTGAC	iTru_9_16S_785_R	ATCTG	TGATTGAC	ATCTGGAC
169	iTru7_101_6	AACAACCG	iTru5_01_D	CGACACTT	AACAACCGCGACACTT	iTru_A_16S_341_F	GGTAC	iTru_10_16S_785_R	gAGACT	GGTACCCT	GAGACTGA
170	iTru7_101_6	AACAACCG	iTru5_01_D	CGACACTT	AACAACCGCGACACTT	iTru_B_16S_341_F	cAACAC	iTru_10_16S_785_R	gAGACT	CAACACCC	GAGACTGA
171	iTru7_101_6	AACAACCG	iTru5_01_D	CGACACTT	AACAACCGCGACACTT	iTru_C_16S_341_F	atCGGTT	iTru_10_16S_785_R	gAGACT	ATCGGTTC	GAGACTGA
172	iTru7_101_6	AACAACCG	iTru5_01_D	CGACACTT	AACAACCGCGACACTT	iTru_D_16S_341_F	tcgGTCAA	iTru_10_16S_785_R	gAGACT	TCGGTCAA	GAGACTGA
173	iTru7_101_6	AACAACCG	iTru5_01_D	CGACACTT	AACAACCGCGACACTT	iTru_E_16S_341_F	AAGCG	iTru_10_16S_785_R	gAGACT	AAGCGCCT	GAGACTGA
174	iTru7_101_6	AACAACCG	iTru5_01_D	CGACACTT	AACAACCGCGACACTT	iTru_F_16S_341_F	gCCACA	iTru_10_16S_785_R	gAGACT	GCCACACC	GAGACTGA
175	iTru7_101_6	AACAACCG	iTru5_01_D	CGACACTT	AACAACCGCGACACTT	iTru_G_16S_341_F	ctGGATG	iTru_10_16S_785_R	gAGACT	CTGGATGC	GAGACTGA
176	iTru7_101_6	AACAACCG	iTru5_01_D	CGACACTT	AACAACCGCGACACTT	iTru_H_16S_341_F	tgaTTGAC	iTru_10_16S_785_R	gAGACT	TGATTGAC	GAGACTGA
177	iTru7_101_6	AACAACCG	iTru5_01_D	CGACACTT	AACAACCGCGACACTT	iTru_A_16S_341_F	GGTAC	iTru_11_16S_785_R	cgATTCC	GGTACCCT	CGATTCCG
178	iTru7_101_6	AACAACCG	iTru5_01_D	CGACACTT	AACAACCGCGACACTT	iTru_B_16S_341_F	cAACAC	iTru_11_16S_785_R	cgATTCC	CAACACCC	CGATTCCG
179	iTru7_101_6	AACAACCG	iTru5_01_D	CGACACTT	AACAACCGCGACACTT	iTru_C_16S_341_F	atCGGTT	iTru_11_16S_785_R	cgATTCC	ATCGGTTC	CGATTCCG
180	iTru7_101_6	AACAACCG	iTru5_01_D	CGACACTT	AACAACCGCGACACTT	iTru_D_16S_341_F	tcgGTCAA	iTru_11_16S_785_R	cgATTCC	TCGGTCAA	CGATTCCG
181	iTru7_101_6	AACAACCG	iTru5_01_D	CGACACTT	AACAACCGCGACACTT	iTru_E_16S_341_F	AAGCG	iTru_11_16S_785_R	cgATTCC	AAGCGCCT	CGATTCCG
182	iTru7_101_6	AACAACCG	iTru5_01_D	CGACACTT	AACAACCGCGACACTT	iTru_F_16S_341_F	gCCACA	iTru_11_16S_785_R	cgATTCC	GCCACACC	CGATTCCG
183	iTru7_101_6	AACAACCG	iTru5_01_D	CGACACTT	AACAACCGCGACACTT	iTru_G_16S_341_F	ctGGATG	iTru_11_16S_785_R	cgATTCC	CTGGATGC	CGATTCCG
184	iTru7_101_6	AACAACCG	iTru5_01_D	CGACACTT	AACAACCGCGACACTT	iTru_H_16S_341_F	tgaTTGAC	iTru_11_16S_785_R	cgATTCC	TGATTGAC	CGATTCCG
185	iTru7_101_6	AACAACCG	iTru5_01_D	CGACACTT	AACAACCGCGACACTT	iTru_A_16S_341_F	GGTAC	iTru_12_16S_785_R	tctCAATC	GGTACCCT	TCTCAATC
186	iTru7_101_6	AACAACCG	iTru5_01_D	CGACACTT	AACAACCGCGACACTT	iTru_B_16S_341_F	cAACAC	iTru_12_16S_785_R	tctCAATC	CAACACCC	TCTCAATC
187	iTru7_101_6	AACAACCG	iTru5_01_D	CGACACTT	AACAACCGCGACACTT	iTru_C_16S_341_F	atCGGTT	iTru_12_16S_785_R	tctCAATC	ATCGGTTC	TCTCAATC
188	iTru7_101_6	AACAACCG	iTru5_01_D	CGACACTT	AACAACCGCGACACTT	iTru_D_16S_341_F	tcgGTCAA	iTru_12_16S_785_R	tctCAATC	TCGGTCAA	TCTCAATC
189	iTru7_101_6	AACAACCG	iTru5_01_D	CGACACTT	AACAACCGCGACACTT	iTru_E_16S_341_F	AAGCG	iTru_12_16S_785_R	tctCAATC	AAGCGCCT	TCTCAATC
190	iTru7_101_6	AACAACCG	iTru5_01_D	CGACACTT	AACAACCGCGACACTT	iTru_F_16S_341_F	gCCACA	iTru_12_16S_785_R	tctCAATC	GCCACACC	TCTCAATC
191	iTru7_101_6	AACAACCG	iTru5_01_D	CGACACTT	AACAACCGCGACACTT	iTru_G_16S_341_F	ctGGATG	iTru_12_16S_785_R	tctCAATC	CTGGATGC	TCTCAATC
192	iTru7_101_6	AACAACCG	iTru5_01_D	CGACACTT	AACAACCGCGACACTT	iTru_H_16S_341_F	tgaTTGAC	iTru_12_16S_785_R	tctCAATC	TGATTGAC	TCTCAATC
193	iTru7_101_7	ACTCGTTG	iTru5_01_E	GACTTGTG	ACTCGTTGGACTTGTG	iTru_A_16S_341_F	GGTAC	iTru_1_16S_785_R	AGGAA	GGTACCCT	AGGAAGAC
194	iTru7_101_7	ACTCGTTG	iTru5_01_E	GACTTGTG	ACTCGTTGGACTTGTG	iTru_B_16S_341_F	cAACAC	iTru_1_16S_785_R	AGGAA	CAACACCC	AGGAAGAC
195	iTru7_101_7	ACTCGTTG	iTru5_01_E	GACTTGTG	ACTCGTTGGACTTGTG	iTru_C_16S_341_F	atCGGTT	iTru_1_16S_785_R	AGGAA	ATCGGTTC	AGGAAGAC
196	iTru7_101_7	ACTCGTTG	iTru5_01_E	GACTTGTG	ACTCGTTGGACTTGTG	iTru_D_16S_341_F	tcgGTCAA	iTru_1_16S_785_R	AGGAA	TCGGTCAA	AGGAAGAC
197	iTru7_101_7	ACTCGTTG	iTru5_01_E	GACTTGTG	ACTCGTTGGACTTGTG	iTru_E_16S_341_F	AAGCG	iTru_1_16S_785_R	AGGAA	AAGCGCCT	AGGAAGAC
198	iTru7_101_7	ACTCGTTG	iTru5_01_E	GACTTGTG	ACTCGTTGGACTTGTG	iTru_F_16S_341_F	gCCACA	iTru_1_16S_785_R	AGGAA	GCCACACC	AGGAAGAC
199	iTru7_101_7	ACTCGTTG	iTru5_01_E	GACTTGTG	ACTCGTTGGACTTGTG	iTru_G_16S_341_F	ctGGATG	iTru_1_16S_785_R	AGGAA	CTGGATGC	AGGAAGAC
200	iTru7_101_7	ACTCGTTG	iTru5_01_E	GACTTGTG	ACTCGTTGGACTTGTG	iTru_H_16S_341_F	tgaTTGAC	iTru_1_16S_785_R	AGGAA	TGATTGAC	AGGAAGAC
201	iTru7_101_7	ACTCGTTG	iTru5_01_E	GACTTGTG	ACTCGTTGGACTTGTG	iTru_A_16S_341_F	GGTAC	iTru_2_16S_785_R	gAGTGG	GGTACCCT	GAGTGGGA
202	iTru7_101_7	ACTCGTTG	iTru5_01_E	GACTTGTG	ACTCGTTGGACTTGTG	iTru_B_16S_341_F	cAACAC	iTru_2_16S_785_R	gAGTGG	CAACACCC	GAGTGGGA
203	iTru7_101_7	ACTCGTTG	iTru5_01_E	GACTTGTG	ACTCGTTGGACTTGTG	iTru_C_16S_341_F	atCGGTT	iTru_2_16S_785_R	gAGTGG	ATCGGTTC	GAGTGGGA
204	iTru7_101_7	ACTCGTTG	iTru5_01_E	GACTTGTG	ACTCGTTGGACTTGTG	iTru_D_16S_341_F	tcgGTCAA	iTru_2_16S_785_R	gAGTGG	TCGGTCAA	GAGTGGGA
205	iTru7_101_7	ACTCGTTG	iTru5_01_E	GACTTGTG	ACTCGTTGGACTTGTG	iTru_E_16S_341_F	AAGCG	iTru_2_16S_785_R	gAGTGG	AAGCGCCT	GAGTGGGA
206	iTru7_101_7	ACTCGTTG	iTru5_01_E	GACTTGTG	ACTCGTTGGACTTGTG	iTru_F_16S_341_F	gCCACA	iTru_2_16S_785_R	gAGTGG	GCCACACC	GAGTGGGA
207	iTru7_101_7	ACTCGTTG	iTru5_01_E	GACTTGTG	ACTCGTTGGACTTGTG	iTru_G_16S_341_F	ctGGATG	iTru_2_16S_785_R	gAGTGG	CTGGATGC	GAGTGGGA
208	iTru7_101_7	ACTCGTTG	iTru5_01_E	GACTTGTG	ACTCGTTGGACTTGTG	iTru_H_16S_341_F	tgaTTGAC	iTru_2_16S_785_R	gAGTGG	TGATTGAC	GAGTGGGA
209	iTru7_101_7	ACTCGTTG	iTru5_01_E	GACTTGTG	ACTCGTTGGACTTGTG	iTru_A_16S_341_F	GGTAC	iTru_3_16S_785_R	ccACGTC	GGTACCCT	CCACGTCG
210	iTru7_101_7	ACTCGTTG	iTru5_01_E	GACTTGTG	ACTCGTTGGACTTGTG	iTru_B_16S_341_F	cAACAC	iTru_3_16S_785_R	ccACGTC	CAACACCC	CCACGTCG
211	iTru7_101_7	ACTCGTTG	iTru5_01_E	GACTTGTG	ACTCGTTGGACTTGTG	iTru_C_16S_341_F	atCGGTT	iTru_3_16S_785_R	ccACGTC	ATCGGTTC	CCACGTCG
212	iTru7_101_7	ACTCGTTG	iTru5_01_E	GACTTGTG	ACTCGTTGGACTTGTG	iTru_D_16S_341_F	tcgGTCAA	iTru_3_16S_785_R	ccACGTC	TCGGTCAA	CCACGTCG
213	iTru7_101_7	ACTCGTTG	iTru5_01_E	GACTTGTG	ACTCGTTGGACTTGTG	iTru_E_16S_341_F	AAGCG	iTru_3_16S_785_R	ccACGTC	AAGCGCCT	CCACGTCG
214	iTru7_101_7	ACTCGTTG	iTru5_01_E	GACTTGTG	ACTCGTTGGACTTGTG	iTru_F_16S_341_F	gCCACA	iTru_3_16S_785_R	ccACGTC	GCCACACC	CCACGTCG
215	iTru7_101_7	ACTCGTTG	iTru5_01_E	GACTTGTG	ACTCGTTGGACTTGTG	iTru_G_16S_341_F	ctGGATG	iTru_3_16S_785_R	ccACGTC	CTGGATGC	CCACGTCG
216	iTru7_101_7	ACTCGTTG	iTru5_01_E	GACTTGTG	ACTCGTTGGACTTGTG	iTru_H_16S_341_F	tgaTTGAC	iTru_3_16S_785_R	ccACGTC	TGATTGAC	CCACGTCG
217	iTru7_101_7	ACTCGTTG	iTru5_01_E	GACTTGTG	ACTCGTTGGACTTGTG	iTru_A_16S_341_F	GGTAC	iTru_4_16S_785_R	ttcTCAGC	GGTACCCT	TTCTCAGC
218	iTru7_101_7	ACTCGTTG	iTru5_01_E	GACTTGTG	ACTCGTTGGACTTGTG	iTru_B_16S_341_F	cAACAC	iTru_4_16S_785_R	ttcTCAGC	CAACACCC	TTCTCAGC
219	iTru7_101_7	ACTCGTTG	iTru5_01_E	GACTTGTG	ACTCGTTGGACTTGTG	iTru_C_16S_341_F	atCGGTT	iTru_4_16S_785_R	ttcTCAGC	ATCGGTTC	TTCTCAGC
220	iTru7_101_7	ACTCGTTG	iTru5_01_E	GACTTGTG	ACTCGTTGGACTTGTG	iTru_D_16S_341_F	tcgGTCAA	iTru_4_16S_785_R	ttcTCAGC	TCGGTCAA	TTCTCAGC
221	iTru7_101_7	ACTCGTTG	iTru5_01_E	GACTTGTG	ACTCGTTGGACTTGTG	iTru_E_16S_341_F	AAGCG	iTru_4_16S_785_R	ttcTCAGC	AAGCGCCT	TTCTCAGC
222	iTru7_101_7	ACTCGTTG	iTru5_01_E	GACTTGTG	ACTCGTTGGACTTGTG	iTru_F_16S_341_F	gCCACA	iTru_4_16S_785_R	ttcTCAGC	GCCACACC	TTCTCAGC
223	iTru7_101_7	ACTCGTTG	iTru5_01_E	GACTTGTG	ACTCGTTGGACTTGTG	iTru_G_16S_341_F	ctGGATG	iTru_4_16S_785_R	ttcTCAGC	CTGGATGC	TTCTCAGC
224	iTru7_101_7	ACTCGTTG	iTru5_01_E	GACTTGTG	ACTCGTTGGACTTGTG	iTru_H_16S_341_F	tgaTTGAC	iTru_4_16S_785_R	ttcTCAGC	TGATTGAC	TTCTCAGC
225	iTru7_101_7	ACTCGTTG	iTru5_01_E	GACTTGTG	ACTCGTTGGACTTGTG	iTru_A_16S_341_F	GGTAC	iTru_5_16S_785_R	CTAGG	GGTACCCT	CTAGGGAC
226	iTru7_101_7	ACTCGTTG	iTru5_01_E	GACTTGTG	ACTCGTTGGACTTGTG	iTru_B_16S_341_F	cAACAC	iTru_5_16S_785_R	CTAGG	CAACACCC	CTAGGGAC
227	iTru7_101_7	ACTCGTTG	iTru5_01_E	GACTTGTG	ACTCGTTGGACTTGTG	iTru_C_16S_341_F	atCGGTT	iTru_5_16S_785_R	CTAGG	ATCGGTTC	CTAGGGAC
228	iTru7_101_7	ACTCGTTG	iTru5_01_E	GACTTGTG	ACTCGTTGGACTTGTG	iTru_D_16S_341_F	tcgGTCAA	iTru_5_16S_785_R	CTAGG	TCGGTCAA	CTAGGGAC
229	iTru7_101_7	ACTCGTTG	iTru5_01_E	GACTTGTG	ACTCGTTGGACTTGTG	iTru_E_16S_341_F	AAGCG	iTru_5_16S_785_R	CTAGG	AAGCGCCT	CTAGGGAC
230	iTru7_101_7	ACTCGTTG	iTru5_01_E	GACTTGTG	ACTCGTTGGACTTGTG	iTru_F_16S_341_F	gCCACA	iTru_5_16S_785_R	CTAGG	GCCACACC	CTAGGGAC
231	iTru7_101_7	ACTCGTTG	iTru5_01_E	GACTTGTG	ACTCGTTGGACTTGTG	iTru_G_16S_341_F	ctGGATG	iTru_5_16S_785_R	CTAGG	CTGGATGC	CTAGGGAC
232	iTru7_101_7	ACTCGTTG	iTru5_01_E	GACTTGTG	ACTCGTTGGACTTGTG	iTru_H_16S_341_F	tgaTTGAC	iTru_5_16S_785_R	CTAGG	TGATTGAC	CTAGGGAC
233	iTru7_101_7	ACTCGTTG	iTru5_01_E	GACTTGTG	ACTCGTTGGACTTGTG	iTru_A_16S_341_F	GGTAC	iTru_6_16S_785_R	tGCTTA	GGTACCCT	TGCTTAGA
234	iTru7_101_7	ACTCGTTG	iTru5_01_E	GACTTGTG	ACTCGTTGGACTTGTG	iTru_B_16S_341_F	cAACAC	iTru_6_16S_785_R	tGCTTA	CAACACCC	TGCTTAGA
235	iTru7_101_7	ACTCGTTG	iTru5_01_E	GACTTGTG	ACTCGTTGGACTTGTG	iTru_C_16S_341_F	atCGGTT	iTru_6_16S_785_R	tGCTTA	ATCGGTTC	TGCTTAGA
236	iTru7_101_7	ACTCGTTG	iTru5_01_E	GACTTGTG	ACTCGTTGGACTTGTG	iTru_D_16S_341_F	tcgGTCAA	iTru_6_16S_785_R	tGCTTA	TCGGTCAA	TGCTTAGA
237	iTru7_101_7	ACTCGTTG	iTru5_01_E	GACTTGTG	ACTCGTTGGACTTGTG	iTru_E_16S_341_F	AAGCG	iTru_6_16S_785_R	tGCTTA	AAGCGCCT	TGCTTAGA
238	iTru7_101_7	ACTCGTTG	iTru5_01_E	GACTTGTG	ACTCGTTGGACTTGTG	iTru_F_16S_341_F	gCCACA	iTru_6_16S_785_R	tGCTTA	GCCACACC	TGCTTAGA
239	iTru7_101_7	ACTCGTTG	iTru5_01_E	GACTTGTG	ACTCGTTGGACTTGTG	iTru_G_16S_341_F	ctGGATG	iTru_6_16S_785_R	tGCTTA	CTGGATGC	TGCTTAGA
240	iTru7_101_7	ACTCGTTG	iTru5_01_E	GACTTGTG	ACTCGTTGGACTTGTG	iTru_H_16S_341_F	tgaTTGAC	iTru_6_16S_785_R	tGCTTA	TGATTGAC	TGCTTAGA
241	iTru7_101_10	GTATGCTG	iTru5_01_G	GTTCCATG	GTATGCTGGTTCCATG	iTru_A_16S_341_F	GGTAC	iTru_7_16S_785_R	gcGAAGT	GGTACCCT	GCGAAGTG
242	iTru7_101_10	GTATGCTG	iTru5_01_G	GTTCCATG	GTATGCTGGTTCCATG	iTru_B_16S_341_F	cAACAC	iTru_7_16S_785_R	gcGAAGT	CAACACCC	GCGAAGTG
243	iTru7_101_10	GTATGCTG	iTru5_01_G	GTTCCATG	GTATGCTGGTTCCATG	iTru_C_16S_341_F	atCGGTT	iTru_7_16S_785_R	gcGAAGT	ATCGGTTC	GCGAAGTG
244	iTru7_101_10	GTATGCTG	iTru5_01_G	GTTCCATG	GTATGCTGGTTCCATG	iTru_D_16S_341_F	tcgGTCAA	iTru_7_16S_785_R	gcGAAGT	TCGGTCAA	GCGAAGTG
245	iTru7_101_10	GTATGCTG	iTru5_01_G	GTTCCATG	GTATGCTGGTTCCATG	iTru_E_16S_341_F	AAGCG	iTru_7_16S_785_R	gcGAAGT	AAGCGCCT	GCGAAGTG
246	iTru7_101_10	GTATGCTG	iTru5_01_G	GTTCCATG	GTATGCTGGTTCCATG	iTru_F_16S_341_F	gCCACA	iTru_7_16S_785_R	gcGAAGT	GCCACACC	GCGAAGTG
247	iTru7_101_10	GTATGCTG	iTru5_01_G	GTTCCATG	GTATGCTGGTTCCATG	iTru_G_16S_341_F	ctGGATG	iTru_7_16S_785_R	gcGAAGT	CTGGATGC	GCGAAGTG
248	iTru7_101_10	GTATGCTG	iTru5_01_G	GTTCCATG	GTATGCTGGTTCCATG	iTru_H_16S_341_F	tgaTTGAC	iTru_7_16S_785_R	gcGAAGT	TGATTGAC	GCGAAGTG
249	iTru7_101_10	GTATGCTG	iTru5_01_G	GTTCCATG	GTATGCTGGTTCCATG	iTru_A_16S_341_F	GGTAC	iTru_8_16S_785_R	aatCCTAT	GGTACCCT	AATCCTAT
250	iTru7_101_10	GTATGCTG	iTru5_01_G	GTTCCATG	GTATGCTGGTTCCATG	iTru_B_16S_341_F	cAACAC	iTru_8_16S_785_R	aatCCTAT	CAACACCC	AATCCTAT
251	iTru7_101_10	GTATGCTG	iTru5_01_G	GTTCCATG	GTATGCTGGTTCCATG	iTru_C_16S_341_F	atCGGTT	iTru_8_16S_785_R	aatCCTAT	ATCGGTTC	AATCCTAT
252	iTru7_101_10	GTATGCTG	iTru5_01_G	GTTCCATG	GTATGCTGGTTCCATG	iTru_D_16S_341_F	tcgGTCAA	iTru_8_16S_785_R	aatCCTAT	TCGGTCAA	AATCCTAT
253	iTru7_101_10	GTATGCTG	iTru5_01_G	GTTCCATG	GTATGCTGGTTCCATG	iTru_E_16S_341_F	AAGCG	iTru_8_16S_785_R	aatCCTAT	AAGCGCCT	AATCCTAT
254	iTru7_101_10	GTATGCTG	iTru5_01_G	GTTCCATG	GTATGCTGGTTCCATG	iTru_F_16S_341_F	gCCACA	iTru_8_16S_785_R	aatCCTAT	GCCACACC	AATCCTAT
255	iTru7_101_10	GTATGCTG	iTru5_01_G	GTTCCATG	GTATGCTGGTTCCATG	iTru_G_16S_341_F	ctGGATG	iTru_8_16S_785_R	aatCCTAT	CTGGATGC	AATCCTAT
256	iTru7_101_10	GTATGCTG	iTru5_01_G	GTTCCATG	GTATGCTGGTTCCATG	iTru_H_16S_341_F	tgaTTGAC	iTru_8_16S_785_R	aatCCTAT	TGATTGAC	AATCCTAT
257	iTru7_101_10	GTATGCTG	iTru5_01_G	GTTCCATG	GTATGCTGGTTCCATG	iTru_A_16S_341_F	GGTAC	iTru_9_16S_785_R	ATCTG	GGTACCCT	ATCTGGAC
258	iTru7_101_10	GTATGCTG	iTru5_01_G	GTTCCATG	GTATGCTGGTTCCATG	iTru_B_16S_341_F	cAACAC	iTru_9_16S_785_R	ATCTG	CAACACCC	ATCTGGAC
259	iTru7_101_10	GTATGCTG	iTru5_01_G	GTTCCATG	GTATGCTGGTTCCATG	iTru_C_16S_341_F	atCGGTT	iTru_9_16S_785_R	ATCTG	ATCGGTTC	ATCTGGAC
260	iTru7_101_10	GTATGCTG	iTru5_01_G	GTTCCATG	GTATGCTGGTTCCATG	iTru_D_16S_341_F	tcgGTCAA	iTru_9_16S_785_R	ATCTG	TCGGTCAA	ATCTGGAC
261	iTru7_101_10	GTATGCTG	iTru5_01_G	GTTCCATG	GTATGCTGGTTCCATG	iTru_E_16S_341_F	AAGCG	iTru_9_16S_785_R	ATCTG	AAGCGCCT	ATCTGGAC
262	iTru7_101_10	GTATGCTG	iTru5_01_G	GTTCCATG	GTATGCTGGTTCCATG	iTru_F_16S_341_F	gCCACA	iTru_9_16S_785_R	ATCTG	GCCACACC	ATCTGGAC
263	iTru7_101_10	GTATGCTG	iTru5_01_G	GTTCCATG	GTATGCTGGTTCCATG	iTru_G_16S_341_F	ctGGATG	iTru_9_16S_785_R	ATCTG	CTGGATGC	ATCTGGAC
264	iTru7_101_10	GTATGCTG	iTru5_01_G	GTTCCATG	GTATGCTGGTTCCATG	iTru_H_16S_341_F	tgaTTGAC	iTru_9_16S_785_R	ATCTG	TGATTGAC	ATCTGGAC
265	iTru7_101_10	GTATGCTG	iTru5_01_G	GTTCCATG	GTATGCTGGTTCCATG	iTru_A_16S_341_F	GGTAC	iTru_10_16S_785_R	gAGACT	GGTACCCT	GAGACTGA
266	iTru7_101_10	GTATGCTG	iTru5_01_G	GTTCCATG	GTATGCTGGTTCCATG	iTru_B_16S_341_F	cAACAC	iTru_10_16S_785_R	gAGACT	CAACACCC	GAGACTGA
267	iTru7_101_10	GTATGCTG	iTru5_01_G	GTTCCATG	GTATGCTGGTTCCATG	iTru_C_16S_341_F	atCGGTT	iTru_10_16S_785_R	gAGACT	ATCGGTTC	GAGACTGA
268	iTru7_101_10	GTATGCTG	iTru5_01_G	GTTCCATG	GTATGCTGGTTCCATG	iTru_D_16S_341_F	tcgGTCAA	iTru_10_16S_785_R	gAGACT	TCGGTCAA	GAGACTGA
269	iTru7_101_10	GTATGCTG	iTru5_01_G	GTTCCATG	GTATGCTGGTTCCATG	iTru_E_16S_341_F	AAGCG	iTru_10_16S_785_R	gAGACT	AAGCGCCT	GAGACTGA
270	iTru7_101_10	GTATGCTG	iTru5_01_G	GTTCCATG	GTATGCTGGTTCCATG	iTru_F_16S_341_F	gCCACA	iTru_10_16S_785_R	gAGACT	GCCACACC	GAGACTGA
271	iTru7_101_10	GTATGCTG	iTru5_01_G	GTTCCATG	GTATGCTGGTTCCATG	iTru_G_16S_341_F	ctGGATG	iTru_10_16S_785_R	gAGACT	CTGGATGC	GAGACTGA
272	iTru7_101_10	GTATGCTG	iTru5_01_G	GTTCCATG	GTATGCTGGTTCCATG	iTru_H_16S_341_F	tgaTTGAC	iTru_10_16S_785_R	gAGACT	TGATTGAC	GAGACTGA
273	iTru7_101_10	GTATGCTG	iTru5_01_G	GTTCCATG	GTATGCTGGTTCCATG	iTru_A_16S_341_F	GGTAC	iTru_11_16S_785_R	cgATTCC	GGTACCCT	CGATTCCG
274	iTru7_101_10	GTATGCTG	iTru5_01_G	GTTCCATG	GTATGCTGGTTCCATG	iTru_B_16S_341_F	cAACAC	iTru_11_16S_785_R	cgATTCC	CAACACCC	CGATTCCG
275	iTru7_101_10	GTATGCTG	iTru5_01_G	GTTCCATG	GTATGCTGGTTCCATG	iTru_C_16S_341_F	atCGGTT	iTru_11_16S_785_R	cgATTCC	ATCGGTTC	CGATTCCG
276	iTru7_101_10	GTATGCTG	iTru5_01_G	GTTCCATG	GTATGCTGGTTCCATG	iTru_D_16S_341_F	tcgGTCAA	iTru_11_16S_785_R	cgATTCC	TCGGTCAA	CGATTCCG
277	iTru7_101_10	GTATGCTG	iTru5_01_G	GTTCCATG	GTATGCTGGTTCCATG	iTru_E_16S_341_F	AAGCG	iTru_11_16S_785_R	cgATTCC	AAGCGCCT	CGATTCCG
278	iTru7_101_10	GTATGCTG	iTru5_01_G	GTTCCATG	GTATGCTGGTTCCATG	iTru_F_16S_341_F	gCCACA	iTru_11_16S_785_R	cgATTCC	GCCACACC	CGATTCCG
279	iTru7_101_10	GTATGCTG	iTru5_01_G	GTTCCATG	GTATGCTGGTTCCATG	iTru_G_16S_341_F	ctGGATG	iTru_11_16S_785_R	cgATTCC	CTGGATGC	CGATTCCG
280	iTru7_101_10	GTATGCTG	iTru5_01_G	GTTCCATG	GTATGCTGGTTCCATG	iTru_H_16S_341_F	tgaTTGAC	iTru_11_16S_785_R	cgATTCC	TGATTGAC	CGATTCCG
281	iTru7_101_10	GTATGCTG	iTru5_01_G	GTTCCATG	GTATGCTGGTTCCATG	iTru_A_16S_341_F	GGTAC	iTru_12_16S_785_R	tctCAATC	GGTACCCT	TCTCAATC
282	iTru7_101_10	GTATGCTG	iTru5_01_G	GTTCCATG	GTATGCTGGTTCCATG	iTru_B_16S_341_F	cAACAC	iTru_12_16S_785_R	tctCAATC	CAACACCC	TCTCAATC
283	iTru7_101_10	GTATGCTG	iTru5_01_G	GTTCCATG	GTATGCTGGTTCCATG	iTru_C_16S_341_F	atCGGTT	iTru_12_16S_785_R	tctCAATC	ATCGGTTC	TCTCAATC
284	iTru7_101_10	GTATGCTG	iTru5_01_G	GTTCCATG	GTATGCTGGTTCCATG	iTru_D_16S_341_F	tcgGTCAA	iTru_12_16S_785_R	tctCAATC	TCGGTCAA	TCTCAATC
285	iTru7_101_10	GTATGCTG	iTru5_01_G	GTTCCATG	GTATGCTGGTTCCATG	iTru_E_16S_341_F	AAGCG	iTru_12_16S_785_R	tctCAATC	AAGCGCCT	TCTCAATC
286	iTru7_101_10	GTATGCTG	iTru5_01_G	GTTCCATG	GTATGCTGGTTCCATG	iTru_F_16S_341_F	gCCACA	iTru_12_16S_785_R	tctCAATC	GCCACACC	TCTCAATC
287	iTru7_101_10	GTATGCTG	iTru5_01_G	GTTCCATG	GTATGCTGGTTCCATG	iTru_G_16S_341_F	ctGGATG	iTru_12_16S_785_R	tctCAATC	CTGGATGC	TCTCAATC
288	iTru7_101_10	GTATGCTG	iTru5_01_G	GTTCCATG	GTATGCTGGTTCCATG	iTru_H_16S_341_F	tgaTTGAC	iTru_12_16S_785_R	tctCAATC	TGATTGAC	TCTCAATC